{"_default": {"1": {"beta_c": 0, "beta_l": 0, "beta_t": 0, "rho": 1, "eps_inf_pe": 1, "eps_inf_pa": 1, "eps_0_pe": 1, "eps_0_pa": 1, "wto_pe": 0, "wto_pa": 0, "gamma": 0, "wlo_pa": 0.0, "wlo_pe": 0.0, "material": "vacuum"}, "2": {"beta_l": 3.3356409519815205e-05, "beta_t": 3.3356409519815205e-05, "beta_c": 4.717308673499368e-05, "rho": 3.21, "eps_inf_pa": 6.52, "eps_inf_pe": 6.52, "eps_0_pa": 9.7, "eps_0_pe": 9.7, "wto_pa": 797.4, "wto_pe": 797.5, "gamma": 4, "wlo_pa": 972.6090372106377, "wlo_pe": 972.7310097510453, "material": "SiC3C"}, "3": {"beta_l": 6.671281903963041e-05, "beta_t": 3.3356409519815205e-05, "beta_c": 4.717308673499368e-05, "rho": 3.21, "eps_inf_pa": 6.56, "eps_inf_pe": 6.78, "eps_0_pa": 9.78, "eps_0_pe": 10.34, "wto_pa": 796.6, "wto_pe": 783.6, "gamma": 4, "wlo_pa": 972.6527293074688, "wlo_pe": 967.6980140372725, "material": "SiC4H"}, "4": {"beta_l": 2.1681666187879883e-05, "beta_t": 3.3356409519815205e-05, "beta_c": 4.717308673499368e-05, "rho": 3.21, "eps_inf_pa": 5.469, "eps_inf_pe": 5.416, "eps_0_pa": 10.4, "eps_0_pe": 9.5, "wto_pa": 533, "wto_pe": 561, "gamma": 6, "wlo_pa": 735.0043628585485, "wlo_pe": 742.9940503050976, "material": "GaN"}, "5": {"beta_l": 3.402353771021151e-05, "beta_t": 6.671281903963041e-05, "beta_c": 9.434617346998737e-05, "rho": 3.21, "eps_inf_pe": 4.16, "eps_inf_pa": 4.35, "eps_0_pa": 9.28, "eps_0_pe": 7.73, "wto_pa": 608.5, "wto_pe": 667.2, "gamma": 6, "wlo_pa": 888.7711366450495, "wlo_pe": 909.4924941543371, "material": "AlN"}, "6": {"beta_l": 5.837371665967661e-05, "beta_t": 6.671281903963041e-05, "beta_c": 9.434617346998737e-05, "rho": 3.21, "eps_inf_pe": 4.86, "eps_inf_pa": 2.85, "eps_0_pa": 3.34, "eps_0_pe": 6.72, "wto_pa": 780, "wto_pe": 1370, "gamma": 4, "wlo_pa": 844.3945199153994, "wlo_pe": 1610.9685760704397, "material": "hBN"}, "7": {"beta_l": 6.671281903963041e-09, "beta_t": 3.3356409519815204e-09, "beta_c": 4.717308673499368e-09, "rho": 3.21, "eps_inf_pa": 6.56, "eps_inf_pe": 6.56, "eps_0_pa": 6.561, "eps_0_pe": 6.561, "wto_pa": 10, "wto_pe": 10, "gamma": 0.1, "wlo_pa": 10.000762166077095, "wlo_pe": 10.000762166077095, "material": "SiO2"}}}
