{"_default": {"1": {"beta_c": 0, "beta_l": 0, "beta_t": 0, "rho": 1, "eps_inf_pe": 1, "eps_inf_pa": 1, "eps_0_pe": 1, "eps_0_pa": 1, "wto_pe": 0, "wto_pa": 0, "gamma": 0, "wlo_pa": 0.0, "wlo_pe": 0.0, "material": "vacuum"}, "2": {"beta_l": 3.3356409519815205e-05, "beta_t": 3.3356409519815205e-05, "beta_c": 4.717308673499368e-05, "rho": 3.21, "eps_inf_pa": 6.52, "eps_inf_pe": 6.52, "eps_0_pa": 9.7, "eps_0_pe": 9.7, "wto_pa": 797.4, "wto_pe": 797.5, "gamma": 4, "wlo_pa": 972.6090372106377, "wlo_pe": 972.7310097510453, "material": "SiC3C"}, "3": {"beta_l": 5.1335514250995596e-05, "beta_t": 3.0521114710630915e-05, "beta_c": 4.316337436251923e-05, "rho": 3.21, "eps_inf_pa": 6.56, "eps_inf_pe": 6.78, "eps_0_pa": 9.78, "eps_0_pe": 10.34, "wto_pa": 796.6, "wto_pe": 783.6, "gamma": 4, "wlo_pa": 972.6527293074688, "wlo_pe": 967.6980140372725, "material": "SiC4H"}, "4": {"beta_l": 2.234879437827619e-05, "beta_t": 1.0006922855944561e-05, "beta_c": 1.4151926020498104e-05, "rho": 3.21, "eps_inf_pa": 5.469, "eps_inf_pe": 5.416, "eps_0_pa": 10.4, "eps_0_pe": 9.5, "wto_pa": 533, "wto_pe": 561, "gamma": 6, "wlo_pa": 735.0043628585485, "wlo_pe": 742.9940503050976, "material": "GaN"}, "5": {"beta_l": 1.7011768855105755e-05, "beta_t": 1.0006922855944561e-05, "beta_c": 1.4151926020498104e-05, "rho": 3.21, "eps_inf_pe": 4.16, "eps_inf_pa": 4.35, "eps_0_pa": 9.28, "eps_0_pe": 7.73, "wto_pa": 608.5, "wto_pe": 667.2, "gamma": 6, "wlo_pa": 888.7711366450495, "wlo_pe": 909.4924941543371, "material": "AlN"}, "6": {"beta_l": 3e-05, "beta_t": 3e-05, "beta_c": 5e-05, "rho": 3.21, "eps_inf_pa": 4.9, "eps_inf_pe": 2.95, "eps_0_pa": 6.9, "eps_0_pe": 3.48, "wto_pa": 1360, "wto_pe": 760, "gamma": 4, "wlo_pa": 1614, "wlo_pe": 825, "material": "hBN"}, "7": {"beta_l": 3e-05, "beta_t": 3e-05, "beta_c": 5e-05, "rho": 3.21, "eps_inf_pa": 4, "eps_inf_pe": 2, "eps_0_pa": 4, "eps_0_pe": 2, "wto_pa": 151, "wto_pe": 150, "gamma": 4, "wlo_pa": 201, "wlo_pe": 200, "material": "WSE2"}, "8": {"beta_l": 3e-05, "beta_t": 3e-05, "beta_c": 5e-05, "rho": 3.21, "eps_inf_pa": 2.1, "eps_inf_pe": 2.1, "eps_0_pa": 3.9, "eps_0_pe": 3.9, "wto_pa": 805.2, "wto_pe": 805.1, "gamma": 4, "wlo_pa": 822.8, "wlo_pe": 822.81, "material": "SiO2"}, "9": {"beta_l": 3e-05, "beta_t": 3e-05, "beta_c": 5e-05, "rho": 3.21, "eps_inf_pa": 11.69, "eps_inf_pe": 11.69, "eps_0_pa": 11.71, "eps_0_pe": 11.7, "wto_pa": 90, "wto_pe": 91, "gamma": 4, "wlo_pa": 100, "wlo_pe": 101, "material": "Si"}}}
